image,label
-10.tiff.jpg,-10
-10.tiff10.jpg,-10
-10.tiff11.jpg,-10
-10.tiff12.jpg,-10
-10.tiff13.jpg,-10
-10.tiff14.jpg,-10
-10.tiff15.jpg,-10
-10.tiff16.jpg,-10
-10.tiff17.jpg,-10
-10.tiff18.jpg,-10
-10.tiff19.jpg,-10
-10.tiff2.jpg,-10
-10.tiff20.jpg,-10
-10.tiff21.jpg,-10
-10.tiff3.jpg,-10
-10.tiff4.jpg,-10
-10.tiff5.jpg,-10
-10.tiff6.jpg,-10
-10.tiff7.jpg,-10
-10.tiff8.jpg,-10
-10.tiff9.jpg,-10
-100.tiff.jpg,-100
-100.tiff10.jpg,-100
-100.tiff11.jpg,-100
-100.tiff12.jpg,-100
-100.tiff13.jpg,-100
-100.tiff14.jpg,-100
-100.tiff15.jpg,-100
-100.tiff16.jpg,-100
-100.tiff17.jpg,-100
-100.tiff18.jpg,-100
-100.tiff19.jpg,-100
-100.tiff2.jpg,-100
-100.tiff20.jpg,-100
-100.tiff21.jpg,-100
-100.tiff22.jpg,-100
-100.tiff3.jpg,-100
-100.tiff4.jpg,-100
-100.tiff5.jpg,-100
-100.tiff6.jpg,-100
-100.tiff7.jpg,-100
-100.tiff8.jpg,-100
-100.tiff9.jpg,-100
-110.tiff.jpg,-110
-110.tiff10.jpg,-110
-110.tiff11.jpg,-110
-110.tiff12.jpg,-110
-110.tiff13.jpg,-110
-110.tiff14.jpg,-110
-110.tiff15.jpg,-110
-110.tiff16.jpg,-110
-110.tiff17.jpg,-110
-110.tiff18.jpg,-110
-110.tiff19.jpg,-110
-110.tiff2.jpg,-110
-110.tiff20.jpg,-110
-110.tiff21.jpg,-110
-110.tiff22.jpg,-110
-110.tiff3.jpg,-110
-110.tiff4.jpg,-110
-110.tiff5.jpg,-110
-110.tiff6.jpg,-110
-110.tiff7.jpg,-110
-110.tiff8.jpg,-110
-110.tiff9.jpg,-110
-120.tiff.jpg,-120
-120.tiff10.jpg,-120
-120.tiff11.jpg,-120
-120.tiff12.jpg,-120
-120.tiff13.jpg,-120
-120.tiff14.jpg,-120
-120.tiff15.jpg,-120
-120.tiff16.jpg,-120
-120.tiff17.jpg,-120
-120.tiff18.jpg,-120
-120.tiff19.jpg,-120
-120.tiff2.jpg,-120
-120.tiff20.jpg,-120
-120.tiff21.jpg,-120
-120.tiff3.jpg,-120
-120.tiff4.jpg,-120
-120.tiff5.jpg,-120
-120.tiff6.jpg,-120
-120.tiff7.jpg,-120
-120.tiff8.jpg,-120
-120.tiff9.jpg,-120
-130.tiff.jpg,-130
-130.tiff10.jpg,-130
-130.tiff11.jpg,-130
-130.tiff12.jpg,-130
-130.tiff13.jpg,-130
-130.tiff14.jpg,-130
-130.tiff15.jpg,-130
-130.tiff16.jpg,-130
-130.tiff17.jpg,-130
-130.tiff18.jpg,-130
-130.tiff19.jpg,-130
-130.tiff2.jpg,-130
-130.tiff3.jpg,-130
-130.tiff4.jpg,-130
-130.tiff5.jpg,-130
-130.tiff6.jpg,-130
-130.tiff7.jpg,-130
-130.tiff8.jpg,-130
-130.tiff9.jpg,-130
-140.tiff.jpg,-140
-140.tiff10.jpg,-140
-140.tiff11.jpg,-140
-140.tiff12.jpg,-140
-140.tiff13.jpg,-140
-140.tiff14.jpg,-140
-140.tiff15.jpg,-140
-140.tiff16.jpg,-140
-140.tiff17.jpg,-140
-140.tiff18.jpg,-140
-140.tiff19.jpg,-140
-140.tiff2.jpg,-140
-140.tiff20.jpg,-140
-140.tiff21.jpg,-140
-140.tiff3.jpg,-140
-140.tiff4.jpg,-140
-140.tiff5.jpg,-140
-140.tiff6.jpg,-140
-140.tiff7.jpg,-140
-140.tiff8.jpg,-140
-140.tiff9.jpg,-140
-150.tiff.jpg,-150
-150.tiff10.jpg,-150
-150.tiff11.jpg,-150
-150.tiff12.jpg,-150
-150.tiff13.jpg,-150
-150.tiff14.jpg,-150
-150.tiff15.jpg,-150
-150.tiff16.jpg,-150
-150.tiff17.jpg,-150
-150.tiff18.jpg,-150
-150.tiff19.jpg,-150
-150.tiff2.jpg,-150
-150.tiff20.jpg,-150
-150.tiff3.jpg,-150
-150.tiff4.jpg,-150
-150.tiff5.jpg,-150
-150.tiff6.jpg,-150
-150.tiff7.jpg,-150
-150.tiff8.jpg,-150
-150.tiff9.jpg,-150
-160.tiff.jpg,-160
-160.tiff10.jpg,-160
-160.tiff11.jpg,-160
-160.tiff12.jpg,-160
-160.tiff13.jpg,-160
-160.tiff14.jpg,-160
-160.tiff15.jpg,-160
-160.tiff16.jpg,-160
-160.tiff17.jpg,-160
-160.tiff18.jpg,-160
-160.tiff19.jpg,-160
-160.tiff2.jpg,-160
-160.tiff20.jpg,-160
-160.tiff21.jpg,-160
-160.tiff3.jpg,-160
-160.tiff4.jpg,-160
-160.tiff5.jpg,-160
-160.tiff6.jpg,-160
-160.tiff7.jpg,-160
-160.tiff8.jpg,-160
-160.tiff9.jpg,-160
-170.tiff.jpg,-170
-170.tiff10.jpg,-170
-170.tiff11.jpg,-170
-170.tiff12.jpg,-170
-170.tiff13.jpg,-170
-170.tiff14.jpg,-170
-170.tiff15.jpg,-170
-170.tiff16.jpg,-170
-170.tiff17.jpg,-170
-170.tiff18.jpg,-170
-170.tiff19.jpg,-170
-170.tiff2.jpg,-170
-170.tiff20.jpg,-170
-170.tiff21.jpg,-170
-170.tiff3.jpg,-170
-170.tiff4.jpg,-170
-170.tiff5.jpg,-170
-170.tiff6.jpg,-170
-170.tiff7.jpg,-170
-170.tiff8.jpg,-170
-170.tiff9.jpg,-170
-180.tiff.jpg,-180
-180.tiff10.jpg,-180
-180.tiff11.jpg,-180
-180.tiff12.jpg,-180
-180.tiff13.jpg,-180
-180.tiff14.jpg,-180
-180.tiff15.jpg,-180
-180.tiff16.jpg,-180
-180.tiff17.jpg,-180
-180.tiff18.jpg,-180
-180.tiff19.jpg,-180
-180.tiff2.jpg,-180
-180.tiff20.jpg,-180
-180.tiff3.jpg,-180
-180.tiff4.jpg,-180
-180.tiff5.jpg,-180
-180.tiff6.jpg,-180
-180.tiff7.jpg,-180
-180.tiff8.jpg,-180
-180.tiff9.jpg,-180
-190.tiff.jpg,-190
-190.tiff10.jpg,-190
-190.tiff11.jpg,-190
-190.tiff12.jpg,-190
-190.tiff13.jpg,-190
-190.tiff14.jpg,-190
-190.tiff15.jpg,-190
-190.tiff16.jpg,-190
-190.tiff17.jpg,-190
-190.tiff18.jpg,-190
-190.tiff19.jpg,-190
-190.tiff2.jpg,-190
-190.tiff20.jpg,-190
-190.tiff3.jpg,-190
-190.tiff4.jpg,-190
-190.tiff5.jpg,-190
-190.tiff6.jpg,-190
-190.tiff7.jpg,-190
-190.tiff8.jpg,-190
-190.tiff9.jpg,-190
-20.tiff.jpg,-20
-20.tiff10.jpg,-20
-20.tiff11.jpg,-20
-20.tiff12.jpg,-20
-20.tiff13.jpg,-20
-20.tiff14.jpg,-20
-20.tiff15.jpg,-20
-20.tiff16.jpg,-20
-20.tiff17.jpg,-20
-20.tiff18.jpg,-20
-20.tiff19.jpg,-20
-20.tiff2.jpg,-20
-20.tiff20.jpg,-20
-20.tiff21.jpg,-20
-20.tiff22.jpg,-20
-20.tiff3.jpg,-20
-20.tiff4.jpg,-20
-20.tiff5.jpg,-20
-20.tiff6.jpg,-20
-20.tiff7.jpg,-20
-20.tiff8.jpg,-20
-20.tiff9.jpg,-20
-200.tiff.jpg,-200
-200.tiff10.jpg,-200
-200.tiff11.jpg,-200
-200.tiff12.jpg,-200
-200.tiff13.jpg,-200
-200.tiff14.jpg,-200
-200.tiff15.jpg,-200
-200.tiff16.jpg,-200
-200.tiff17.jpg,-200
-200.tiff18.jpg,-200
-200.tiff19.jpg,-200
-200.tiff2.jpg,-200
-200.tiff20.jpg,-200
-200.tiff3.jpg,-200
-200.tiff4.jpg,-200
-200.tiff5.jpg,-200
-200.tiff6.jpg,-200
-200.tiff7.jpg,-200
-200.tiff8.jpg,-200
-200.tiff9.jpg,-200
-210.tiff.jpg,-210
-210.tiff10.jpg,-210
-210.tiff11.jpg,-210
-210.tiff12.jpg,-210
-210.tiff13.jpg,-210
-210.tiff14.jpg,-210
-210.tiff15.jpg,-210
-210.tiff16.jpg,-210
-210.tiff17.jpg,-210
-210.tiff18.jpg,-210
-210.tiff19.jpg,-210
-210.tiff2.jpg,-210
-210.tiff20.jpg,-210
-210.tiff3.jpg,-210
-210.tiff4.jpg,-210
-210.tiff5.jpg,-210
-210.tiff6.jpg,-210
-210.tiff7.jpg,-210
-210.tiff8.jpg,-210
-210.tiff9.jpg,-210
-220.tiff.jpg,-220
-220.tiff10.jpg,-220
-220.tiff11.jpg,-220
-220.tiff12.jpg,-220
-220.tiff13.jpg,-220
-220.tiff14.jpg,-220
-220.tiff15.jpg,-220
-220.tiff16.jpg,-220
-220.tiff17.jpg,-220
-220.tiff18.jpg,-220
-220.tiff19.jpg,-220
-220.tiff2.jpg,-220
-220.tiff20.jpg,-220
-220.tiff21.jpg,-220
-220.tiff3.jpg,-220
-220.tiff4.jpg,-220
-220.tiff5.jpg,-220
-220.tiff6.jpg,-220
-220.tiff7.jpg,-220
-220.tiff8.jpg,-220
-220.tiff9.jpg,-220
-230.tiff.jpg,-230
-230.tiff10.jpg,-230
-230.tiff11.jpg,-230
-230.tiff12.jpg,-230
-230.tiff13.jpg,-230
-230.tiff14.jpg,-230
-230.tiff15.jpg,-230
-230.tiff16.jpg,-230
-230.tiff17.jpg,-230
-230.tiff18.jpg,-230
-230.tiff19.jpg,-230
-230.tiff2.jpg,-230
-230.tiff20.jpg,-230
-230.tiff21.jpg,-230
-230.tiff3.jpg,-230
-230.tiff4.jpg,-230
-230.tiff5.jpg,-230
-230.tiff6.jpg,-230
-230.tiff7.jpg,-230
-230.tiff8.jpg,-230
-230.tiff9.jpg,-230
-240.tiff.jpg,-240
-240.tiff10.jpg,-240
-240.tiff11.jpg,-240
-240.tiff12.jpg,-240
-240.tiff13.jpg,-240
-240.tiff14.jpg,-240
-240.tiff15.jpg,-240
-240.tiff16.jpg,-240
-240.tiff17.jpg,-240
-240.tiff18.jpg,-240
-240.tiff19.jpg,-240
-240.tiff2.jpg,-240
-240.tiff20.jpg,-240
-240.tiff3.jpg,-240
-240.tiff4.jpg,-240
-240.tiff5.jpg,-240
-240.tiff6.jpg,-240
-240.tiff7.jpg,-240
-240.tiff8.jpg,-240
-240.tiff9.jpg,-240
-250.tiff.jpg,-250
-250.tiff10.jpg,-250
-250.tiff11.jpg,-250
-250.tiff12.jpg,-250
-250.tiff13.jpg,-250
-250.tiff14.jpg,-250
-250.tiff15.jpg,-250
-250.tiff16.jpg,-250
-250.tiff17.jpg,-250
-250.tiff18.jpg,-250
-250.tiff19.jpg,-250
-250.tiff2.jpg,-250
-250.tiff20.jpg,-250
-250.tiff21.jpg,-250
-250.tiff3.jpg,-250
-250.tiff4.jpg,-250
-250.tiff5.jpg,-250
-250.tiff6.jpg,-250
-250.tiff7.jpg,-250
-250.tiff8.jpg,-250
-250.tiff9.jpg,-250
-260.tiff.jpg,-260
-260.tiff10.jpg,-260
-260.tiff11.jpg,-260
-260.tiff12.jpg,-260
-260.tiff13.jpg,-260
-260.tiff14.jpg,-260
-260.tiff15.jpg,-260
-260.tiff16.jpg,-260
-260.tiff17.jpg,-260
-260.tiff18.jpg,-260
-260.tiff19.jpg,-260
-260.tiff2.jpg,-260
-260.tiff20.jpg,-260
-260.tiff21.jpg,-260
-260.tiff3.jpg,-260
-260.tiff4.jpg,-260
-260.tiff5.jpg,-260
-260.tiff6.jpg,-260
-260.tiff7.jpg,-260
-260.tiff8.jpg,-260
-260.tiff9.jpg,-260
-270.tiff.jpg,-270
-270.tiff10.jpg,-270
-270.tiff11.jpg,-270
-270.tiff12.jpg,-270
-270.tiff13.jpg,-270
-270.tiff14.jpg,-270
-270.tiff15.jpg,-270
-270.tiff16.jpg,-270
-270.tiff17.jpg,-270
-270.tiff18.jpg,-270
-270.tiff19.jpg,-270
-270.tiff2.jpg,-270
-270.tiff20.jpg,-270
-270.tiff3.jpg,-270
-270.tiff4.jpg,-270
-270.tiff5.jpg,-270
-270.tiff6.jpg,-270
-270.tiff7.jpg,-270
-270.tiff8.jpg,-270
-270.tiff9.jpg,-270
-280.tiff.jpg,-280
-280.tiff10.jpg,-280
-280.tiff11.jpg,-280
-280.tiff12.jpg,-280
-280.tiff13.jpg,-280
-280.tiff14.jpg,-280
-280.tiff15.jpg,-280
-280.tiff16.jpg,-280
-280.tiff17.jpg,-280
-280.tiff18.jpg,-280
-280.tiff19.jpg,-280
-280.tiff2.jpg,-280
-280.tiff20.jpg,-280
-280.tiff21.jpg,-280
-280.tiff3.jpg,-280
-280.tiff4.jpg,-280
-280.tiff5.jpg,-280
-280.tiff6.jpg,-280
-280.tiff7.jpg,-280
-280.tiff8.jpg,-280
-280.tiff9.jpg,-280
-290.tiff.jpg,-290
-290.tiff10.jpg,-290
-290.tiff11.jpg,-290
-290.tiff12.jpg,-290
-290.tiff13.jpg,-290
-290.tiff14.jpg,-290
-290.tiff15.jpg,-290
-290.tiff16.jpg,-290
-290.tiff17.jpg,-290
-290.tiff18.jpg,-290
-290.tiff19.jpg,-290
-290.tiff2.jpg,-290
-290.tiff20.jpg,-290
-290.tiff3.jpg,-290
-290.tiff4.jpg,-290
-290.tiff5.jpg,-290
-290.tiff6.jpg,-290
-290.tiff7.jpg,-290
-290.tiff8.jpg,-290
-290.tiff9.jpg,-290
-30.tiff.jpg,-30
-30.tiff10.jpg,-30
-30.tiff11.jpg,-30
-30.tiff12.jpg,-30
-30.tiff13.jpg,-30
-30.tiff14.jpg,-30
-30.tiff15.jpg,-30
-30.tiff16.jpg,-30
-30.tiff17.jpg,-30
-30.tiff18.jpg,-30
-30.tiff19.jpg,-30
-30.tiff2.jpg,-30
-30.tiff20.jpg,-30
-30.tiff3.jpg,-30
-30.tiff4.jpg,-30
-30.tiff5.jpg,-30
-30.tiff6.jpg,-30
-30.tiff7.jpg,-30
-30.tiff8.jpg,-30
-30.tiff9.jpg,-30
-300.tiff.jpg,-300
-300.tiff10.jpg,-300
-300.tiff11.jpg,-300
-300.tiff12.jpg,-300
-300.tiff13.jpg,-300
-300.tiff14.jpg,-300
-300.tiff15.jpg,-300
-300.tiff16.jpg,-300
-300.tiff17.jpg,-300
-300.tiff18.jpg,-300
-300.tiff19.jpg,-300
-300.tiff2.jpg,-300
-300.tiff20.jpg,-300
-300.tiff21.jpg,-300
-300.tiff3.jpg,-300
-300.tiff4.jpg,-300
-300.tiff5.jpg,-300
-300.tiff6.jpg,-300
-300.tiff7.jpg,-300
-300.tiff8.jpg,-300
-300.tiff9.jpg,-300
-310.tiff.jpg,-310
-310.tiff10.jpg,-310
-310.tiff11.jpg,-310
-310.tiff12.jpg,-310
-310.tiff13.jpg,-310
-310.tiff14.jpg,-310
-310.tiff15.jpg,-310
-310.tiff16.jpg,-310
-310.tiff17.jpg,-310
-310.tiff18.jpg,-310
-310.tiff19.jpg,-310
-310.tiff2.jpg,-310
-310.tiff20.jpg,-310
-310.tiff21.jpg,-310
-310.tiff3.jpg,-310
-310.tiff4.jpg,-310
-310.tiff5.jpg,-310
-310.tiff6.jpg,-310
-310.tiff7.jpg,-310
-310.tiff8.jpg,-310
-310.tiff9.jpg,-310
-320.tiff.jpg,-320
-320.tiff10.jpg,-320
-320.tiff11.jpg,-320
-320.tiff12.jpg,-320
-320.tiff13.jpg,-320
-320.tiff14.jpg,-320
-320.tiff15.jpg,-320
-320.tiff16.jpg,-320
-320.tiff17.jpg,-320
-320.tiff18.jpg,-320
-320.tiff19.jpg,-320
-320.tiff2.jpg,-320
-320.tiff20.jpg,-320
-320.tiff3.jpg,-320
-320.tiff4.jpg,-320
-320.tiff5.jpg,-320
-320.tiff6.jpg,-320
-320.tiff7.jpg,-320
-320.tiff8.jpg,-320
-320.tiff9.jpg,-320
-330.tiff.jpg,-330
-330.tiff10.jpg,-330
-330.tiff11.jpg,-330
-330.tiff12.jpg,-330
-330.tiff13.jpg,-330
-330.tiff14.jpg,-330
-330.tiff15.jpg,-330
-330.tiff16.jpg,-330
-330.tiff17.jpg,-330
-330.tiff18.jpg,-330
-330.tiff19.jpg,-330
-330.tiff2.jpg,-330
-330.tiff20.jpg,-330
-330.tiff21.jpg,-330
-330.tiff3.jpg,-330
-330.tiff4.jpg,-330
-330.tiff5.jpg,-330
-330.tiff6.jpg,-330
-330.tiff7.jpg,-330
-330.tiff8.jpg,-330
-330.tiff9.jpg,-330
-340.tiff.jpg,-340
-340.tiff10.jpg,-340
-340.tiff11.jpg,-340
-340.tiff12.jpg,-340
-340.tiff13.jpg,-340
-340.tiff14.jpg,-340
-340.tiff15.jpg,-340
-340.tiff16.jpg,-340
-340.tiff17.jpg,-340
-340.tiff18.jpg,-340
-340.tiff19.jpg,-340
-340.tiff2.jpg,-340
-340.tiff20.jpg,-340
-340.tiff21.jpg,-340
-340.tiff3.jpg,-340
-340.tiff4.jpg,-340
-340.tiff5.jpg,-340
-340.tiff6.jpg,-340
-340.tiff7.jpg,-340
-340.tiff8.jpg,-340
-340.tiff9.jpg,-340
-350.tiff.jpg,-350
-350.tiff10.jpg,-350
-350.tiff11.jpg,-350
-350.tiff12.jpg,-350
-350.tiff13.jpg,-350
-350.tiff14.jpg,-350
-350.tiff15.jpg,-350
-350.tiff16.jpg,-350
-350.tiff17.jpg,-350
-350.tiff18.jpg,-350
-350.tiff19.jpg,-350
-350.tiff2.jpg,-350
-350.tiff20.jpg,-350
-350.tiff21.jpg,-350
-350.tiff3.jpg,-350
-350.tiff4.jpg,-350
-350.tiff5.jpg,-350
-350.tiff6.jpg,-350
-350.tiff7.jpg,-350
-350.tiff8.jpg,-350
-350.tiff9.jpg,-350
-360.tiff.jpg,-360
-360.tiff10.jpg,-360
-360.tiff11.jpg,-360
-360.tiff12.jpg,-360
-360.tiff13.jpg,-360
-360.tiff14.jpg,-360
-360.tiff15.jpg,-360
-360.tiff16.jpg,-360
-360.tiff17.jpg,-360
-360.tiff18.jpg,-360
-360.tiff19.jpg,-360
-360.tiff2.jpg,-360
-360.tiff20.jpg,-360
-360.tiff21.jpg,-360
-360.tiff3.jpg,-360
-360.tiff4.jpg,-360
-360.tiff5.jpg,-360
-360.tiff6.jpg,-360
-360.tiff7.jpg,-360
-360.tiff8.jpg,-360
-360.tiff9.jpg,-360
-370.tiff.jpg,-370
-370.tiff10.jpg,-370
-370.tiff11.jpg,-370
-370.tiff12.jpg,-370
-370.tiff13.jpg,-370
-370.tiff14.jpg,-370
-370.tiff15.jpg,-370
-370.tiff16.jpg,-370
-370.tiff17.jpg,-370
-370.tiff18.jpg,-370
-370.tiff19.jpg,-370
-370.tiff2.jpg,-370
-370.tiff20.jpg,-370
-370.tiff3.jpg,-370
-370.tiff4.jpg,-370
-370.tiff5.jpg,-370
-370.tiff6.jpg,-370
-370.tiff7.jpg,-370
-370.tiff8.jpg,-370
-370.tiff9.jpg,-370
-380.tiff.jpg,-380
-380.tiff10.jpg,-380
-380.tiff11.jpg,-380
-380.tiff12.jpg,-380
-380.tiff13.jpg,-380
-380.tiff14.jpg,-380
-380.tiff15.jpg,-380
-380.tiff16.jpg,-380
-380.tiff17.jpg,-380
-380.tiff18.jpg,-380
-380.tiff19.jpg,-380
-380.tiff2.jpg,-380
-380.tiff20.jpg,-380
-380.tiff21.jpg,-380
-380.tiff3.jpg,-380
-380.tiff4.jpg,-380
-380.tiff5.jpg,-380
-380.tiff6.jpg,-380
-380.tiff7.jpg,-380
-380.tiff8.jpg,-380
-380.tiff9.jpg,-380
-390.tiff.jpg,-390
-390.tiff10.jpg,-390
-390.tiff11.jpg,-390
-390.tiff12.jpg,-390
-390.tiff13.jpg,-390
-390.tiff14.jpg,-390
-390.tiff15.jpg,-390
-390.tiff16.jpg,-390
-390.tiff17.jpg,-390
-390.tiff18.jpg,-390
-390.tiff19.jpg,-390
-390.tiff2.jpg,-390
-390.tiff20.jpg,-390
-390.tiff21.jpg,-390
-390.tiff3.jpg,-390
-390.tiff4.jpg,-390
-390.tiff5.jpg,-390
-390.tiff6.jpg,-390
-390.tiff7.jpg,-390
-390.tiff8.jpg,-390
-390.tiff9.jpg,-390
-40.tiff.jpg,-40
-40.tiff10.jpg,-40
-40.tiff11.jpg,-40
-40.tiff12.jpg,-40
-40.tiff13.jpg,-40
-40.tiff14.jpg,-40
-40.tiff15.jpg,-40
-40.tiff16.jpg,-40
-40.tiff17.jpg,-40
-40.tiff18.jpg,-40
-40.tiff19.jpg,-40
-40.tiff2.jpg,-40
-40.tiff20.jpg,-40
-40.tiff21.jpg,-40
-40.tiff3.jpg,-40
-40.tiff4.jpg,-40
-40.tiff5.jpg,-40
-40.tiff6.jpg,-40
-40.tiff7.jpg,-40
-40.tiff8.jpg,-40
-40.tiff9.jpg,-40
-400.tiff.jpg,-400
-400.tiff10.jpg,-400
-400.tiff11.jpg,-400
-400.tiff12.jpg,-400
-400.tiff13.jpg,-400
-400.tiff14.jpg,-400
-400.tiff15.jpg,-400
-400.tiff16.jpg,-400
-400.tiff17.jpg,-400
-400.tiff18.jpg,-400
-400.tiff19.jpg,-400
-400.tiff2.jpg,-400
-400.tiff20.jpg,-400
-400.tiff3.jpg,-400
-400.tiff4.jpg,-400
-400.tiff5.jpg,-400
-400.tiff6.jpg,-400
-400.tiff7.jpg,-400
-400.tiff8.jpg,-400
-400.tiff9.jpg,-400
-410.tiff.jpg,-410
-410.tiff10.jpg,-410
-410.tiff11.jpg,-410
-410.tiff12.jpg,-410
-410.tiff13.jpg,-410
-410.tiff14.jpg,-410
-410.tiff15.jpg,-410
-410.tiff16.jpg,-410
-410.tiff17.jpg,-410
-410.tiff18.jpg,-410
-410.tiff19.jpg,-410
-410.tiff2.jpg,-410
-410.tiff20.jpg,-410
-410.tiff21.jpg,-410
-410.tiff3.jpg,-410
-410.tiff4.jpg,-410
-410.tiff5.jpg,-410
-410.tiff6.jpg,-410
-410.tiff7.jpg,-410
-410.tiff8.jpg,-410
-410.tiff9.jpg,-410
-420.tiff.jpg,-420
-420.tiff10.jpg,-420
-420.tiff11.jpg,-420
-420.tiff12.jpg,-420
-420.tiff13.jpg,-420
-420.tiff14.jpg,-420
-420.tiff15.jpg,-420
-420.tiff16.jpg,-420
-420.tiff17.jpg,-420
-420.tiff18.jpg,-420
-420.tiff19.jpg,-420
-420.tiff2.jpg,-420
-420.tiff20.jpg,-420
-420.tiff3.jpg,-420
-420.tiff4.jpg,-420
-420.tiff5.jpg,-420
-420.tiff6.jpg,-420
-420.tiff7.jpg,-420
-420.tiff8.jpg,-420
-420.tiff9.jpg,-420
-430.tiff.jpg,-430
-430.tiff10.jpg,-430
-430.tiff11.jpg,-430
-430.tiff12.jpg,-430
-430.tiff13.jpg,-430
-430.tiff14.jpg,-430
-430.tiff15.jpg,-430
-430.tiff16.jpg,-430
-430.tiff17.jpg,-430
-430.tiff18.jpg,-430
-430.tiff19.jpg,-430
-430.tiff2.jpg,-430
-430.tiff20.jpg,-430
-430.tiff3.jpg,-430
-430.tiff4.jpg,-430
-430.tiff5.jpg,-430
-430.tiff6.jpg,-430
-430.tiff7.jpg,-430
-430.tiff8.jpg,-430
-430.tiff9.jpg,-430
-440.tiff.jpg,-440
-440.tiff10.jpg,-440
-440.tiff11.jpg,-440
-440.tiff12.jpg,-440
-440.tiff13.jpg,-440
-440.tiff14.jpg,-440
-440.tiff15.jpg,-440
-440.tiff16.jpg,-440
-440.tiff17.jpg,-440
-440.tiff18.jpg,-440
-440.tiff19.jpg,-440
-440.tiff2.jpg,-440
-440.tiff20.jpg,-440
-440.tiff3.jpg,-440
-440.tiff4.jpg,-440
-440.tiff5.jpg,-440
-440.tiff6.jpg,-440
-440.tiff7.jpg,-440
-440.tiff8.jpg,-440
-440.tiff9.jpg,-440
-450.tiff.jpg,-450
-450.tiff10.jpg,-450
-450.tiff11.jpg,-450
-450.tiff12.jpg,-450
-450.tiff13.jpg,-450
-450.tiff14.jpg,-450
-450.tiff15.jpg,-450
-450.tiff16.jpg,-450
-450.tiff17.jpg,-450
-450.tiff18.jpg,-450
-450.tiff19.jpg,-450
-450.tiff2.jpg,-450
-450.tiff20.jpg,-450
-450.tiff3.jpg,-450
-450.tiff4.jpg,-450
-450.tiff5.jpg,-450
-450.tiff6.jpg,-450
-450.tiff7.jpg,-450
-450.tiff8.jpg,-450
-450.tiff9.jpg,-450
-460.tiff.jpg,-460
-460.tiff10.jpg,-460
-460.tiff11.jpg,-460
-460.tiff12.jpg,-460
-460.tiff13.jpg,-460
-460.tiff14.jpg,-460
-460.tiff15.jpg,-460
-460.tiff16.jpg,-460
-460.tiff17.jpg,-460
-460.tiff18.jpg,-460
-460.tiff19.jpg,-460
-460.tiff2.jpg,-460
-460.tiff20.jpg,-460
-460.tiff3.jpg,-460
-460.tiff4.jpg,-460
-460.tiff5.jpg,-460
-460.tiff6.jpg,-460
-460.tiff7.jpg,-460
-460.tiff8.jpg,-460
-460.tiff9.jpg,-460
-470.tiff.jpg,-470
-470.tiff10.jpg,-470
-470.tiff11.jpg,-470
-470.tiff12.jpg,-470
-470.tiff13.jpg,-470
-470.tiff14.jpg,-470
-470.tiff15.jpg,-470
-470.tiff16.jpg,-470
-470.tiff17.jpg,-470
-470.tiff18.jpg,-470
-470.tiff19.jpg,-470
-470.tiff2.jpg,-470
-470.tiff20.jpg,-470
-470.tiff3.jpg,-470
-470.tiff4.jpg,-470
-470.tiff5.jpg,-470
-470.tiff6.jpg,-470
-470.tiff7.jpg,-470
-470.tiff8.jpg,-470
-470.tiff9.jpg,-470
-480.tiff.jpg,-480
-480.tiff10.jpg,-480
-480.tiff11.jpg,-480
-480.tiff12.jpg,-480
-480.tiff13.jpg,-480
-480.tiff14.jpg,-480
-480.tiff15.jpg,-480
-480.tiff16.jpg,-480
-480.tiff17.jpg,-480
-480.tiff18.jpg,-480
-480.tiff19.jpg,-480
-480.tiff2.jpg,-480
-480.tiff3.jpg,-480
-480.tiff4.jpg,-480
-480.tiff5.jpg,-480
-480.tiff6.jpg,-480
-480.tiff7.jpg,-480
-480.tiff8.jpg,-480
-480.tiff9.jpg,-480
-490.tiff.jpg,-490
-490.tiff10.jpg,-490
-490.tiff11.jpg,-490
-490.tiff12.jpg,-490
-490.tiff13.jpg,-490
-490.tiff14.jpg,-490
-490.tiff15.jpg,-490
-490.tiff16.jpg,-490
-490.tiff17.jpg,-490
-490.tiff18.jpg,-490
-490.tiff19.jpg,-490
-490.tiff2.jpg,-490
-490.tiff20.jpg,-490
-490.tiff3.jpg,-490
-490.tiff4.jpg,-490
-490.tiff5.jpg,-490
-490.tiff6.jpg,-490
-490.tiff7.jpg,-490
-490.tiff8.jpg,-490
-490.tiff9.jpg,-490
-50.tiff.jpg,-50
-50.tiff10.jpg,-50
-50.tiff11.jpg,-50
-50.tiff12.jpg,-50
-50.tiff13.jpg,-50
-50.tiff14.jpg,-50
-50.tiff15.jpg,-50
-50.tiff16.jpg,-50
-50.tiff17.jpg,-50
-50.tiff18.jpg,-50
-50.tiff19.jpg,-50
-50.tiff2.jpg,-50
-50.tiff20.jpg,-50
-50.tiff21.jpg,-50
-50.tiff3.jpg,-50
-50.tiff4.jpg,-50
-50.tiff5.jpg,-50
-50.tiff6.jpg,-50
-50.tiff7.jpg,-50
-50.tiff8.jpg,-50
-50.tiff9.jpg,-50
-500.tiff.jpg,-500
-500.tiff10.jpg,-500
-500.tiff11.jpg,-500
-500.tiff12.jpg,-500
-500.tiff13.jpg,-500
-500.tiff14.jpg,-500
-500.tiff15.jpg,-500
-500.tiff16.jpg,-500
-500.tiff17.jpg,-500
-500.tiff18.jpg,-500
-500.tiff19.jpg,-500
-500.tiff2.jpg,-500
-500.tiff3.jpg,-500
-500.tiff4.jpg,-500
-500.tiff5.jpg,-500
-500.tiff6.jpg,-500
-500.tiff7.jpg,-500
-500.tiff8.jpg,-500
-500.tiff9.jpg,-500
-60.tiff.jpg,-60
-60.tiff10.jpg,-60
-60.tiff11.jpg,-60
-60.tiff12.jpg,-60
-60.tiff13.jpg,-60
-60.tiff14.jpg,-60
-60.tiff15.jpg,-60
-60.tiff16.jpg,-60
-60.tiff17.jpg,-60
-60.tiff18.jpg,-60
-60.tiff19.jpg,-60
-60.tiff2.jpg,-60
-60.tiff20.jpg,-60
-60.tiff21.jpg,-60
-60.tiff3.jpg,-60
-60.tiff4.jpg,-60
-60.tiff5.jpg,-60
-60.tiff6.jpg,-60
-60.tiff7.jpg,-60
-60.tiff8.jpg,-60
-60.tiff9.jpg,-60
-70.tiff.jpg,-70
-70.tiff10.jpg,-70
-70.tiff11.jpg,-70
-70.tiff12.jpg,-70
-70.tiff13.jpg,-70
-70.tiff14.jpg,-70
-70.tiff15.jpg,-70
-70.tiff16.jpg,-70
-70.tiff17.jpg,-70
-70.tiff18.jpg,-70
-70.tiff19.jpg,-70
-70.tiff2.jpg,-70
-70.tiff20.jpg,-70
-70.tiff21.jpg,-70
-70.tiff3.jpg,-70
-70.tiff4.jpg,-70
-70.tiff5.jpg,-70
-70.tiff6.jpg,-70
-70.tiff7.jpg,-70
-70.tiff8.jpg,-70
-70.tiff9.jpg,-70
-80.tiff.jpg,-80
-80.tiff10.jpg,-80
-80.tiff11.jpg,-80
-80.tiff12.jpg,-80
-80.tiff13.jpg,-80
-80.tiff14.jpg,-80
-80.tiff15.jpg,-80
-80.tiff16.jpg,-80
-80.tiff17.jpg,-80
-80.tiff18.jpg,-80
-80.tiff19.jpg,-80
-80.tiff2.jpg,-80
-80.tiff20.jpg,-80
-80.tiff21.jpg,-80
-80.tiff3.jpg,-80
-80.tiff4.jpg,-80
-80.tiff5.jpg,-80
-80.tiff6.jpg,-80
-80.tiff7.jpg,-80
-80.tiff8.jpg,-80
-80.tiff9.jpg,-80
-90.tiff.jpg,-90
-90.tiff10.jpg,-90
-90.tiff11.jpg,-90
-90.tiff12.jpg,-90
-90.tiff13.jpg,-90
-90.tiff14.jpg,-90
-90.tiff15.jpg,-90
-90.tiff16.jpg,-90
-90.tiff17.jpg,-90
-90.tiff18.jpg,-90
-90.tiff19.jpg,-90
-90.tiff2.jpg,-90
-90.tiff20.jpg,-90
-90.tiff21.jpg,-90
-90.tiff3.jpg,-90
-90.tiff4.jpg,-90
-90.tiff5.jpg,-90
-90.tiff6.jpg,-90
-90.tiff7.jpg,-90
-90.tiff8.jpg,-90
-90.tiff9.jpg,-90
0.tiff.jpg,0
0.tiff10.jpg,0
0.tiff11.jpg,0
0.tiff12.jpg,0
0.tiff13.jpg,0
0.tiff14.jpg,0
0.tiff15.jpg,0
0.tiff16.jpg,0
0.tiff17.jpg,0
0.tiff18.jpg,0
0.tiff19.jpg,0
0.tiff2.jpg,0
0.tiff20.jpg,0
0.tiff3.jpg,0
0.tiff4.jpg,0
0.tiff5.jpg,0
0.tiff6.jpg,0
0.tiff7.jpg,0
0.tiff8.jpg,0
0.tiff9.jpg,0
10.tiff.jpg,10
10.tiff10.jpg,10
10.tiff11.jpg,10
10.tiff12.jpg,10
10.tiff13.jpg,10
10.tiff14.jpg,10
10.tiff15.jpg,10
10.tiff16.jpg,10
10.tiff17.jpg,10
10.tiff18.jpg,10
10.tiff19.jpg,10
10.tiff2.jpg,10
10.tiff20.jpg,10
10.tiff21.jpg,10
10.tiff3.jpg,10
10.tiff4.jpg,10
10.tiff5.jpg,10
10.tiff6.jpg,10
10.tiff7.jpg,10
10.tiff8.jpg,10
10.tiff9.jpg,10
100.tiff.jpg,100
100.tiff10.jpg,100
100.tiff11.jpg,100
100.tiff12.jpg,100
100.tiff13.jpg,100
100.tiff14.jpg,100
100.tiff15.jpg,100
100.tiff16.jpg,100
100.tiff17.jpg,100
100.tiff18.jpg,100
100.tiff19.jpg,100
100.tiff2.jpg,100
100.tiff20.jpg,100
100.tiff21.jpg,100
100.tiff3.jpg,100
100.tiff4.jpg,100
100.tiff5.jpg,100
100.tiff6.jpg,100
100.tiff7.jpg,100
100.tiff8.jpg,100
100.tiff9.jpg,100
110.tiff.jpg,110
110.tiff10.jpg,110
110.tiff11.jpg,110
110.tiff12.jpg,110
110.tiff13.jpg,110
110.tiff14.jpg,110
110.tiff15.jpg,110
110.tiff16.jpg,110
110.tiff17.jpg,110
110.tiff18.jpg,110
110.tiff19.jpg,110
110.tiff2.jpg,110
110.tiff20.jpg,110
110.tiff3.jpg,110
110.tiff4.jpg,110
110.tiff5.jpg,110
110.tiff6.jpg,110
110.tiff7.jpg,110
110.tiff8.jpg,110
110.tiff9.jpg,110
120.tiff.jpg,120
120.tiff10.jpg,120
120.tiff11.jpg,120
120.tiff12.jpg,120
120.tiff13.jpg,120
120.tiff14.jpg,120
120.tiff15.jpg,120
120.tiff16.jpg,120
120.tiff17.jpg,120
120.tiff18.jpg,120
120.tiff19.jpg,120
120.tiff2.jpg,120
120.tiff20.jpg,120
120.tiff3.jpg,120
120.tiff4.jpg,120
120.tiff5.jpg,120
120.tiff6.jpg,120
120.tiff7.jpg,120
120.tiff8.jpg,120
120.tiff9.jpg,120
130.tiff.jpg,130
130.tiff10.jpg,130
130.tiff11.jpg,130
130.tiff12.jpg,130
130.tiff13.jpg,130
130.tiff14.jpg,130
130.tiff15.jpg,130
130.tiff16.jpg,130
130.tiff17.jpg,130
130.tiff18.jpg,130
130.tiff19.jpg,130
130.tiff2.jpg,130
130.tiff20.jpg,130
130.tiff3.jpg,130
130.tiff4.jpg,130
130.tiff5.jpg,130
130.tiff6.jpg,130
130.tiff7.jpg,130
130.tiff8.jpg,130
130.tiff9.jpg,130
140.tiff.jpg,140
140.tiff10.jpg,140
140.tiff11.jpg,140
140.tiff12.jpg,140
140.tiff13.jpg,140
140.tiff14.jpg,140
140.tiff15.jpg,140
140.tiff16.jpg,140
140.tiff17.jpg,140
140.tiff18.jpg,140
140.tiff19.jpg,140
140.tiff2.jpg,140
140.tiff20.jpg,140
140.tiff3.jpg,140
140.tiff4.jpg,140
140.tiff5.jpg,140
140.tiff6.jpg,140
140.tiff7.jpg,140
140.tiff8.jpg,140
140.tiff9.jpg,140
150.tiff.jpg,150
150.tiff10.jpg,150
150.tiff11.jpg,150
150.tiff12.jpg,150
150.tiff13.jpg,150
150.tiff14.jpg,150
150.tiff15.jpg,150
150.tiff16.jpg,150
150.tiff17.jpg,150
150.tiff18.jpg,150
150.tiff19.jpg,150
150.tiff2.jpg,150
150.tiff20.jpg,150
150.tiff3.jpg,150
150.tiff4.jpg,150
150.tiff5.jpg,150
150.tiff6.jpg,150
150.tiff7.jpg,150
150.tiff8.jpg,150
150.tiff9.jpg,150
160.tiff.jpg,160
160.tiff10.jpg,160
160.tiff11.jpg,160
160.tiff12.jpg,160
160.tiff13.jpg,160
160.tiff14.jpg,160
160.tiff15.jpg,160
160.tiff16.jpg,160
160.tiff17.jpg,160
160.tiff18.jpg,160
160.tiff19.jpg,160
160.tiff2.jpg,160
160.tiff20.jpg,160
160.tiff3.jpg,160
160.tiff4.jpg,160
160.tiff5.jpg,160
160.tiff6.jpg,160
160.tiff7.jpg,160
160.tiff8.jpg,160
160.tiff9.jpg,160
170.tiff.jpg,170
170.tiff10.jpg,170
170.tiff11.jpg,170
170.tiff12.jpg,170
170.tiff13.jpg,170
170.tiff14.jpg,170
170.tiff15.jpg,170
170.tiff16.jpg,170
170.tiff17.jpg,170
170.tiff18.jpg,170
170.tiff19.jpg,170
170.tiff2.jpg,170
170.tiff20.jpg,170
170.tiff3.jpg,170
170.tiff4.jpg,170
170.tiff5.jpg,170
170.tiff6.jpg,170
170.tiff7.jpg,170
170.tiff8.jpg,170
170.tiff9.jpg,170
180.tiff.jpg,180
180.tiff10.jpg,180
180.tiff11.jpg,180
180.tiff12.jpg,180
180.tiff13.jpg,180
180.tiff14.jpg,180
180.tiff15.jpg,180
180.tiff16.jpg,180
180.tiff17.jpg,180
180.tiff18.jpg,180
180.tiff19.jpg,180
180.tiff2.jpg,180
180.tiff20.jpg,180
180.tiff3.jpg,180
180.tiff4.jpg,180
180.tiff5.jpg,180
180.tiff6.jpg,180
180.tiff7.jpg,180
180.tiff8.jpg,180
180.tiff9.jpg,180
190.tiff.jpg,190
190.tiff10.jpg,190
190.tiff11.jpg,190
190.tiff12.jpg,190
190.tiff13.jpg,190
190.tiff14.jpg,190
190.tiff15.jpg,190
190.tiff16.jpg,190
190.tiff17.jpg,190
190.tiff18.jpg,190
190.tiff19.jpg,190
190.tiff2.jpg,190
190.tiff20.jpg,190
190.tiff3.jpg,190
190.tiff4.jpg,190
190.tiff5.jpg,190
190.tiff6.jpg,190
190.tiff7.jpg,190
190.tiff8.jpg,190
190.tiff9.jpg,190
20.tiff.jpg,20
20.tiff10.jpg,20
20.tiff11.jpg,20
20.tiff12.jpg,20
20.tiff13.jpg,20
20.tiff14.jpg,20
20.tiff15.jpg,20
20.tiff16.jpg,20
20.tiff17.jpg,20
20.tiff18.jpg,20
20.tiff19.jpg,20
20.tiff2.jpg,20
20.tiff20.jpg,20
20.tiff21.jpg,20
20.tiff3.jpg,20
20.tiff4.jpg,20
20.tiff5.jpg,20
20.tiff6.jpg,20
20.tiff7.jpg,20
20.tiff8.jpg,20
20.tiff9.jpg,20
200.tiff.jpg,200
200.tiff10.jpg,200
200.tiff11.jpg,200
200.tiff12.jpg,200
200.tiff13.jpg,200
200.tiff14.jpg,200
200.tiff15.jpg,200
200.tiff16.jpg,200
200.tiff17.jpg,200
200.tiff18.jpg,200
200.tiff19.jpg,200
200.tiff2.jpg,200
200.tiff20.jpg,200
200.tiff3.jpg,200
200.tiff4.jpg,200
200.tiff5.jpg,200
200.tiff6.jpg,200
200.tiff7.jpg,200
200.tiff8.jpg,200
200.tiff9.jpg,200
210.tiff.jpg,210
210.tiff10.jpg,210
210.tiff11.jpg,210
210.tiff12.jpg,210
210.tiff13.jpg,210
210.tiff14.jpg,210
210.tiff15.jpg,210
210.tiff16.jpg,210
210.tiff17.jpg,210
210.tiff18.jpg,210
210.tiff19.jpg,210
210.tiff2.jpg,210
210.tiff20.jpg,210
210.tiff21.jpg,210
210.tiff3.jpg,210
210.tiff4.jpg,210
210.tiff5.jpg,210
210.tiff6.jpg,210
210.tiff7.jpg,210
210.tiff8.jpg,210
210.tiff9.jpg,210
220.tiff.jpg,220
220.tiff10.jpg,220
220.tiff11.jpg,220
220.tiff12.jpg,220
220.tiff13.jpg,220
220.tiff14.jpg,220
220.tiff15.jpg,220
220.tiff16.jpg,220
220.tiff17.jpg,220
220.tiff18.jpg,220
220.tiff19.jpg,220
220.tiff2.jpg,220
220.tiff20.jpg,220
220.tiff3.jpg,220
220.tiff4.jpg,220
220.tiff5.jpg,220
220.tiff6.jpg,220
220.tiff7.jpg,220
220.tiff8.jpg,220
220.tiff9.jpg,220
230.tiff.jpg,230
230.tiff10.jpg,230
230.tiff11.jpg,230
230.tiff12.jpg,230
230.tiff13.jpg,230
230.tiff14.jpg,230
230.tiff15.jpg,230
230.tiff16.jpg,230
230.tiff17.jpg,230
230.tiff18.jpg,230
230.tiff19.jpg,230
230.tiff2.jpg,230
230.tiff20.jpg,230
230.tiff3.jpg,230
230.tiff4.jpg,230
230.tiff5.jpg,230
230.tiff6.jpg,230
230.tiff7.jpg,230
230.tiff8.jpg,230
230.tiff9.jpg,230
240.tiff.jpg,240
240.tiff10.jpg,240
240.tiff11.jpg,240
240.tiff12.jpg,240
240.tiff13.jpg,240
240.tiff14.jpg,240
240.tiff15.jpg,240
240.tiff16.jpg,240
240.tiff17.jpg,240
240.tiff18.jpg,240
240.tiff19.jpg,240
240.tiff2.jpg,240
240.tiff20.jpg,240
240.tiff3.jpg,240
240.tiff4.jpg,240
240.tiff5.jpg,240
240.tiff6.jpg,240
240.tiff7.jpg,240
240.tiff8.jpg,240
240.tiff9.jpg,240
250.tiff.jpg,250
250.tiff10.jpg,250
250.tiff11.jpg,250
250.tiff12.jpg,250
250.tiff13.jpg,250
250.tiff14.jpg,250
250.tiff15.jpg,250
250.tiff16.jpg,250
250.tiff17.jpg,250
250.tiff18.jpg,250
250.tiff19.jpg,250
250.tiff2.jpg,250
250.tiff20.jpg,250
250.tiff3.jpg,250
250.tiff4.jpg,250
250.tiff5.jpg,250
250.tiff6.jpg,250
250.tiff7.jpg,250
250.tiff8.jpg,250
250.tiff9.jpg,250
260.tiff.jpg,260
260.tiff10.jpg,260
260.tiff11.jpg,260
260.tiff12.jpg,260
260.tiff13.jpg,260
260.tiff14.jpg,260
260.tiff15.jpg,260
260.tiff16.jpg,260
260.tiff17.jpg,260
260.tiff18.jpg,260
260.tiff19.jpg,260
260.tiff2.jpg,260
260.tiff20.jpg,260
260.tiff21.jpg,260
260.tiff3.jpg,260
260.tiff4.jpg,260
260.tiff5.jpg,260
260.tiff6.jpg,260
260.tiff7.jpg,260
260.tiff8.jpg,260
260.tiff9.jpg,260
270.tiff.jpg,270
270.tiff10.jpg,270
270.tiff11.jpg,270
270.tiff12.jpg,270
270.tiff13.jpg,270
270.tiff14.jpg,270
270.tiff15.jpg,270
270.tiff16.jpg,270
270.tiff17.jpg,270
270.tiff18.jpg,270
270.tiff19.jpg,270
270.tiff2.jpg,270
270.tiff20.jpg,270
270.tiff3.jpg,270
270.tiff4.jpg,270
270.tiff5.jpg,270
270.tiff6.jpg,270
270.tiff7.jpg,270
270.tiff8.jpg,270
270.tiff9.jpg,270
280.tiff.jpg,280
280.tiff10.jpg,280
280.tiff11.jpg,280
280.tiff12.jpg,280
280.tiff13.jpg,280
280.tiff14.jpg,280
280.tiff15.jpg,280
280.tiff16.jpg,280
280.tiff17.jpg,280
280.tiff18.jpg,280
280.tiff19.jpg,280
280.tiff2.jpg,280
280.tiff20.jpg,280
280.tiff21.jpg,280
280.tiff22.jpg,280
280.tiff3.jpg,280
280.tiff4.jpg,280
280.tiff5.jpg,280
280.tiff6.jpg,280
280.tiff7.jpg,280
280.tiff8.jpg,280
280.tiff9.jpg,280
290.tiff.jpg,290
290.tiff10.jpg,290
290.tiff11.jpg,290
290.tiff12.jpg,290
290.tiff13.jpg,290
290.tiff14.jpg,290
290.tiff15.jpg,290
290.tiff16.jpg,290
290.tiff17.jpg,290
290.tiff18.jpg,290
290.tiff19.jpg,290
290.tiff2.jpg,290
290.tiff20.jpg,290
290.tiff21.jpg,290
290.tiff3.jpg,290
290.tiff4.jpg,290
290.tiff5.jpg,290
290.tiff6.jpg,290
290.tiff7.jpg,290
290.tiff8.jpg,290
290.tiff9.jpg,290
30.tiff.jpg,30
30.tiff10.jpg,30
30.tiff11.jpg,30
30.tiff12.jpg,30
30.tiff13.jpg,30
30.tiff14.jpg,30
30.tiff15.jpg,30
30.tiff16.jpg,30
30.tiff17.jpg,30
30.tiff18.jpg,30
30.tiff19.jpg,30
30.tiff2.jpg,30
30.tiff20.jpg,30
30.tiff21.jpg,30
30.tiff3.jpg,30
30.tiff4.jpg,30
30.tiff5.jpg,30
30.tiff6.jpg,30
30.tiff7.jpg,30
30.tiff8.jpg,30
30.tiff9.jpg,30
300.tiff.jpg,300
300.tiff10.jpg,300
300.tiff11.jpg,300
300.tiff12.jpg,300
300.tiff13.jpg,300
300.tiff14.jpg,300
300.tiff15.jpg,300
300.tiff16.jpg,300
300.tiff17.jpg,300
300.tiff18.jpg,300
300.tiff19.jpg,300
300.tiff2.jpg,300
300.tiff20.jpg,300
300.tiff21.jpg,300
300.tiff3.jpg,300
300.tiff4.jpg,300
300.tiff5.jpg,300
300.tiff6.jpg,300
300.tiff7.jpg,300
300.tiff8.jpg,300
300.tiff9.jpg,300
310.tiff.jpg,310
310.tiff10.jpg,310
310.tiff11.jpg,310
310.tiff12.jpg,310
310.tiff13.jpg,310
310.tiff14.jpg,310
310.tiff15.jpg,310
310.tiff16.jpg,310
310.tiff17.jpg,310
310.tiff18.jpg,310
310.tiff19.jpg,310
310.tiff2.jpg,310
310.tiff20.jpg,310
310.tiff3.jpg,310
310.tiff4.jpg,310
310.tiff5.jpg,310
310.tiff6.jpg,310
310.tiff7.jpg,310
310.tiff8.jpg,310
310.tiff9.jpg,310
320.tiff.jpg,320
320.tiff10.jpg,320
320.tiff11.jpg,320
320.tiff12.jpg,320
320.tiff13.jpg,320
320.tiff14.jpg,320
320.tiff15.jpg,320
320.tiff16.jpg,320
320.tiff17.jpg,320
320.tiff18.jpg,320
320.tiff19.jpg,320
320.tiff2.jpg,320
320.tiff20.jpg,320
320.tiff3.jpg,320
320.tiff4.jpg,320
320.tiff5.jpg,320
320.tiff6.jpg,320
320.tiff7.jpg,320
320.tiff8.jpg,320
320.tiff9.jpg,320
330.tiff.jpg,330
330.tiff10.jpg,330
330.tiff11.jpg,330
330.tiff12.jpg,330
330.tiff13.jpg,330
330.tiff14.jpg,330
330.tiff15.jpg,330
330.tiff16.jpg,330
330.tiff17.jpg,330
330.tiff18.jpg,330
330.tiff19.jpg,330
330.tiff2.jpg,330
330.tiff20.jpg,330
330.tiff21.jpg,330
330.tiff3.jpg,330
330.tiff4.jpg,330
330.tiff5.jpg,330
330.tiff6.jpg,330
330.tiff7.jpg,330
330.tiff8.jpg,330
330.tiff9.jpg,330
340.tiff.jpg,340
340.tiff10.jpg,340
340.tiff11.jpg,340
340.tiff12.jpg,340
340.tiff13.jpg,340
340.tiff14.jpg,340
340.tiff15.jpg,340
340.tiff16.jpg,340
340.tiff17.jpg,340
340.tiff18.jpg,340
340.tiff19.jpg,340
340.tiff2.jpg,340
340.tiff20.jpg,340
340.tiff21.jpg,340
340.tiff3.jpg,340
340.tiff4.jpg,340
340.tiff5.jpg,340
340.tiff6.jpg,340
340.tiff7.jpg,340
340.tiff8.jpg,340
340.tiff9.jpg,340
350.tiff.jpg,350
350.tiff10.jpg,350
350.tiff11.jpg,350
350.tiff12.jpg,350
350.tiff13.jpg,350
350.tiff14.jpg,350
350.tiff15.jpg,350
350.tiff16.jpg,350
350.tiff17.jpg,350
350.tiff18.jpg,350
350.tiff19.jpg,350
350.tiff2.jpg,350
350.tiff20.jpg,350
350.tiff21.jpg,350
350.tiff3.jpg,350
350.tiff4.jpg,350
350.tiff5.jpg,350
350.tiff6.jpg,350
350.tiff7.jpg,350
350.tiff8.jpg,350
350.tiff9.jpg,350
360.tiff.jpg,360
360.tiff10.jpg,360
360.tiff11.jpg,360
360.tiff12.jpg,360
360.tiff13.jpg,360
360.tiff14.jpg,360
360.tiff15.jpg,360
360.tiff16.jpg,360
360.tiff17.jpg,360
360.tiff18.jpg,360
360.tiff19.jpg,360
360.tiff2.jpg,360
360.tiff20.jpg,360
360.tiff21.jpg,360
360.tiff3.jpg,360
360.tiff4.jpg,360
360.tiff5.jpg,360
360.tiff6.jpg,360
360.tiff7.jpg,360
360.tiff8.jpg,360
360.tiff9.jpg,360
370.tiff.jpg,370
370.tiff10.jpg,370
370.tiff11.jpg,370
370.tiff12.jpg,370
370.tiff13.jpg,370
370.tiff14.jpg,370
370.tiff15.jpg,370
370.tiff16.jpg,370
370.tiff17.jpg,370
370.tiff18.jpg,370
370.tiff19.jpg,370
370.tiff2.jpg,370
370.tiff20.jpg,370
370.tiff21.jpg,370
370.tiff3.jpg,370
370.tiff4.jpg,370
370.tiff5.jpg,370
370.tiff6.jpg,370
370.tiff7.jpg,370
370.tiff8.jpg,370
370.tiff9.jpg,370
380.tiff.jpg,380
380.tiff10.jpg,380
380.tiff11.jpg,380
380.tiff12.jpg,380
380.tiff13.jpg,380
380.tiff14.jpg,380
380.tiff15.jpg,380
380.tiff16.jpg,380
380.tiff17.jpg,380
380.tiff18.jpg,380
380.tiff19.jpg,380
380.tiff2.jpg,380
380.tiff20.jpg,380
380.tiff21.jpg,380
380.tiff3.jpg,380
380.tiff4.jpg,380
380.tiff5.jpg,380
380.tiff6.jpg,380
380.tiff7.jpg,380
380.tiff8.jpg,380
380.tiff9.jpg,380
390.tiff.jpg,390
390.tiff10.jpg,390
390.tiff11.jpg,390
390.tiff12.jpg,390
390.tiff13.jpg,390
390.tiff14.jpg,390
390.tiff15.jpg,390
390.tiff16.jpg,390
390.tiff17.jpg,390
390.tiff18.jpg,390
390.tiff19.jpg,390
390.tiff2.jpg,390
390.tiff20.jpg,390
390.tiff21.jpg,390
390.tiff3.jpg,390
390.tiff4.jpg,390
390.tiff5.jpg,390
390.tiff6.jpg,390
390.tiff7.jpg,390
390.tiff8.jpg,390
390.tiff9.jpg,390
40.tiff.jpg,40
40.tiff10.jpg,40
40.tiff11.jpg,40
40.tiff12.jpg,40
40.tiff13.jpg,40
40.tiff14.jpg,40
40.tiff15.jpg,40
40.tiff16.jpg,40
40.tiff17.jpg,40
40.tiff18.jpg,40
40.tiff19.jpg,40
40.tiff2.jpg,40
40.tiff20.jpg,40
40.tiff21.jpg,40
40.tiff3.jpg,40
40.tiff4.jpg,40
40.tiff5.jpg,40
40.tiff6.jpg,40
40.tiff7.jpg,40
40.tiff8.jpg,40
40.tiff9.jpg,40
400.tiff.jpg,400
400.tiff10.jpg,400
400.tiff11.jpg,400
400.tiff12.jpg,400
400.tiff13.jpg,400
400.tiff14.jpg,400
400.tiff15.jpg,400
400.tiff16.jpg,400
400.tiff17.jpg,400
400.tiff18.jpg,400
400.tiff19.jpg,400
400.tiff2.jpg,400
400.tiff20.jpg,400
400.tiff21.jpg,400
400.tiff3.jpg,400
400.tiff4.jpg,400
400.tiff5.jpg,400
400.tiff6.jpg,400
400.tiff7.jpg,400
400.tiff8.jpg,400
400.tiff9.jpg,400
410.tiff.jpg,410
410.tiff10.jpg,410
410.tiff11.jpg,410
410.tiff12.jpg,410
410.tiff13.jpg,410
410.tiff14.jpg,410
410.tiff15.jpg,410
410.tiff16.jpg,410
410.tiff17.jpg,410
410.tiff18.jpg,410
410.tiff19.jpg,410
410.tiff2.jpg,410
410.tiff20.jpg,410
410.tiff21.jpg,410
410.tiff3.jpg,410
410.tiff4.jpg,410
410.tiff5.jpg,410
410.tiff6.jpg,410
410.tiff7.jpg,410
410.tiff8.jpg,410
410.tiff9.jpg,410
420.tiff.jpg,420
420.tiff10.jpg,420
420.tiff11.jpg,420
420.tiff12.jpg,420
420.tiff13.jpg,420
420.tiff14.jpg,420
420.tiff15.jpg,420
420.tiff16.jpg,420
420.tiff17.jpg,420
420.tiff18.jpg,420
420.tiff19.jpg,420
420.tiff2.jpg,420
420.tiff20.jpg,420
420.tiff21.jpg,420
420.tiff3.jpg,420
420.tiff4.jpg,420
420.tiff5.jpg,420
420.tiff6.jpg,420
420.tiff7.jpg,420
420.tiff8.jpg,420
420.tiff9.jpg,420
430.tiff.jpg,430
430.tiff10.jpg,430
430.tiff11.jpg,430
430.tiff12.jpg,430
430.tiff13.jpg,430
430.tiff14.jpg,430
430.tiff15.jpg,430
430.tiff16.jpg,430
430.tiff17.jpg,430
430.tiff18.jpg,430
430.tiff19.jpg,430
430.tiff2.jpg,430
430.tiff20.jpg,430
430.tiff21.jpg,430
430.tiff3.jpg,430
430.tiff4.jpg,430
430.tiff5.jpg,430
430.tiff6.jpg,430
430.tiff7.jpg,430
430.tiff8.jpg,430
430.tiff9.jpg,430
440.tiff.jpg,440
440.tiff10.jpg,440
440.tiff11.jpg,440
440.tiff12.jpg,440
440.tiff13.jpg,440
440.tiff14.jpg,440
440.tiff15.jpg,440
440.tiff16.jpg,440
440.tiff17.jpg,440
440.tiff18.jpg,440
440.tiff19.jpg,440
440.tiff2.jpg,440
440.tiff20.jpg,440
440.tiff21.jpg,440
440.tiff3.jpg,440
440.tiff4.jpg,440
440.tiff5.jpg,440
440.tiff6.jpg,440
440.tiff7.jpg,440
440.tiff8.jpg,440
440.tiff9.jpg,440
450.tiff.jpg,450
450.tiff10.jpg,450
450.tiff11.jpg,450
450.tiff12.jpg,450
450.tiff13.jpg,450
450.tiff14.jpg,450
450.tiff15.jpg,450
450.tiff16.jpg,450
450.tiff17.jpg,450
450.tiff18.jpg,450
450.tiff19.jpg,450
450.tiff2.jpg,450
450.tiff20.jpg,450
450.tiff3.jpg,450
450.tiff4.jpg,450
450.tiff5.jpg,450
450.tiff6.jpg,450
450.tiff7.jpg,450
450.tiff8.jpg,450
450.tiff9.jpg,450
460.tiff.jpg,460
460.tiff10.jpg,460
460.tiff11.jpg,460
460.tiff12.jpg,460
460.tiff13.jpg,460
460.tiff14.jpg,460
460.tiff15.jpg,460
460.tiff16.jpg,460
460.tiff17.jpg,460
460.tiff18.jpg,460
460.tiff19.jpg,460
460.tiff2.jpg,460
460.tiff3.jpg,460
460.tiff4.jpg,460
460.tiff5.jpg,460
460.tiff6.jpg,460
460.tiff7.jpg,460
460.tiff8.jpg,460
460.tiff9.jpg,460
470.tiff.jpg,470
470.tiff10.jpg,470
470.tiff11.jpg,470
470.tiff12.jpg,470
470.tiff13.jpg,470
470.tiff14.jpg,470
470.tiff15.jpg,470
470.tiff16.jpg,470
470.tiff17.jpg,470
470.tiff18.jpg,470
470.tiff2.jpg,470
470.tiff3.jpg,470
470.tiff4.jpg,470
470.tiff5.jpg,470
470.tiff6.jpg,470
470.tiff7.jpg,470
470.tiff8.jpg,470
470.tiff9.jpg,470
480.tiff.jpg,480
480.tiff10.jpg,480
480.tiff11.jpg,480
480.tiff12.jpg,480
480.tiff13.jpg,480
480.tiff14.jpg,480
480.tiff15.jpg,480
480.tiff16.jpg,480
480.tiff17.jpg,480
480.tiff18.jpg,480
480.tiff2.jpg,480
480.tiff3.jpg,480
480.tiff4.jpg,480
480.tiff5.jpg,480
480.tiff6.jpg,480
480.tiff7.jpg,480
480.tiff8.jpg,480
480.tiff9.jpg,480
490.tiff.jpg,490
490.tiff10.jpg,490
490.tiff11.jpg,490
490.tiff12.jpg,490
490.tiff13.jpg,490
490.tiff14.jpg,490
490.tiff15.jpg,490
490.tiff16.jpg,490
490.tiff17.jpg,490
490.tiff18.jpg,490
490.tiff2.jpg,490
490.tiff3.jpg,490
490.tiff4.jpg,490
490.tiff5.jpg,490
490.tiff6.jpg,490
490.tiff7.jpg,490
490.tiff8.jpg,490
490.tiff9.jpg,490
50.tiff.jpg,50
50.tiff10.jpg,50
50.tiff11.jpg,50
50.tiff12.jpg,50
50.tiff13.jpg,50
50.tiff14.jpg,50
50.tiff15.jpg,50
50.tiff16.jpg,50
50.tiff17.jpg,50
50.tiff18.jpg,50
50.tiff19.jpg,50
50.tiff2.jpg,50
50.tiff20.jpg,50
50.tiff21.jpg,50
50.tiff3.jpg,50
50.tiff4.jpg,50
50.tiff5.jpg,50
50.tiff6.jpg,50
50.tiff7.jpg,50
50.tiff8.jpg,50
50.tiff9.jpg,50
60.tiff.jpg,60
60.tiff10.jpg,60
60.tiff11.jpg,60
60.tiff12.jpg,60
60.tiff13.jpg,60
60.tiff14.jpg,60
60.tiff15.jpg,60
60.tiff16.jpg,60
60.tiff17.jpg,60
60.tiff18.jpg,60
60.tiff19.jpg,60
60.tiff2.jpg,60
60.tiff20.jpg,60
60.tiff21.jpg,60
60.tiff3.jpg,60
60.tiff4.jpg,60
60.tiff5.jpg,60
60.tiff6.jpg,60
60.tiff7.jpg,60
60.tiff8.jpg,60
60.tiff9.jpg,60
70.tiff.jpg,70
70.tiff10.jpg,70
70.tiff11.jpg,70
70.tiff12.jpg,70
70.tiff13.jpg,70
70.tiff14.jpg,70
70.tiff15.jpg,70
70.tiff16.jpg,70
70.tiff17.jpg,70
70.tiff18.jpg,70
70.tiff19.jpg,70
70.tiff2.jpg,70
70.tiff20.jpg,70
70.tiff21.jpg,70
70.tiff3.jpg,70
70.tiff4.jpg,70
70.tiff5.jpg,70
70.tiff6.jpg,70
70.tiff7.jpg,70
70.tiff8.jpg,70
70.tiff9.jpg,70
80.tiff.jpg,80
80.tiff10.jpg,80
80.tiff11.jpg,80
80.tiff12.jpg,80
80.tiff13.jpg,80
80.tiff14.jpg,80
80.tiff15.jpg,80
80.tiff16.jpg,80
80.tiff17.jpg,80
80.tiff18.jpg,80
80.tiff19.jpg,80
80.tiff2.jpg,80
80.tiff20.jpg,80
80.tiff3.jpg,80
80.tiff4.jpg,80
80.tiff5.jpg,80
80.tiff6.jpg,80
80.tiff7.jpg,80
80.tiff8.jpg,80
80.tiff9.jpg,80
90.tiff.jpg,90
90.tiff10.jpg,90
90.tiff11.jpg,90
90.tiff12.jpg,90
90.tiff13.jpg,90
90.tiff14.jpg,90
90.tiff15.jpg,90
90.tiff16.jpg,90
90.tiff17.jpg,90
90.tiff18.jpg,90
90.tiff19.jpg,90
90.tiff2.jpg,90
90.tiff20.jpg,90
90.tiff21.jpg,90
90.tiff3.jpg,90
90.tiff4.jpg,90
90.tiff5.jpg,90
90.tiff6.jpg,90
90.tiff7.jpg,90
90.tiff8.jpg,90
90.tiff9.jpg,90
